Total tweets, 1063
Neutral tweets percent, 53.80997177798683
Positive tweets percent, 29.44496707431797
Negative tweets percent, 16.745061147695203
Negative score average, -0.20914687606401114
Positive score average, 0.5916525075031464