Total tweets, 85
Neutral tweets percent, 5.882352941176471
Positive tweets percent, 12.941176470588236
Negative tweets percent, 81.17647058823529
Negative score average, -0.3804819677102286
Positive score average, 0.11060606060606061
