Total tweets, 806
Neutral tweets percent, 40.81885856079405
Positive tweets percent, 50.74441687344913
Negative tweets percent, 8.436724565756824
Negative score average, -0.3295379212290977
Positive score average, 0.357631223494992